# Custom partition table for the Music Controller (4 MB flash, no OTA).
# Default IDF table only gives 1 MB to the app, which overflows once
# WiFi + mbedTLS + LVGL are linked in. This gives 2 MB to the app and
# 256 KB to a LittleFS partition that holds the live nowplaying.jpg
# downloaded from Spotify (carved out of internal flash because the
# CYD's SD card is on SPI3_HOST + needs DMA, and we have no DMA
# channels left -- LCD already owns both).
#
# Name,     Type, SubType,  Offset,   Size,     Flags
nvs,        data, nvs,      0x9000,   0x6000,
phy_init,   data, phy,      0xf000,   0x1000,
factory,    app,  factory,  0x10000,  0x200000,
storage,    data, littlefs, 0x210000, 0x40000,
